clade_name	../CMP/ShortReads/Nitrifying/NitrifyingPelletDNA_Day0_DNARNAkit_rep1_S1_R1_001.fastq.gz	../CMP/ShortReads/Nitrifying/NitrifyingPelletDNA_Day0_DNARNAkit_rep2_S2_R1_001.fastq.gz	../CMP/ShortReads/Nitrifying/NitrifyingPelletDNA_Day0_DNARNAkit_rep3_S3_R1_001.fastq.gz	../CMP/ShortReads/Nitrifying/NitrifyingPelletDNA_Week4_Aerobic_DNARNAkit_rep1_S4_R1_001.fastq.gz	../CMP/ShortReads/Nitrifying/NitrifyingPelletDNA_Week4_Aerobic_DNARNAkit_rep2_S5_R1_001.fastq.gz	../CMP/ShortReads/Nitrifying/NitrifyingPelletDNA_Week4_Aerobic_DNARNAkit_rep3_S6_R1_001.fastq.gz	../CMP/ShortReads/Nitrifying/NitrifyingPelletDNA_Week4_Ironreduction_DNARNAkit_rep1_S9_R1_001.fastq.gz	../CMP/ShortReads/Nitrifying/NitrifyingPelletDNA_Week4_Ironreduction_DNARNAkit_rep2_S10_R1_001.fastq.gz	../CMP/ShortReads/Nitrifying/NitrifyingPelletDNA_Week4_Ironreduction_DNARNAkit_rep3_S11_R1_001.fastq.gz	../CMP/ShortReads/Nitrifying/NitrifyingPelletDNA_Week4_Nitratereduction_DNARNAkit_rep1_S7_R1_001.fastq.gz	../CMP/ShortReads/Nitrifying/NitrifyingPelletDNA_Week4_Nitratereduction_DNARNAkit_rep2_S8_R1_001.fastq.gz	../CMP/ShortReads/Nitrifying/NitrifyingPelletDNA_Week4_Sulphatereduction_DNARNAkit_rep1_S12_R1_001.fastq.gz	../CMP/ShortReads/Nitrifying/NitrifyingPelletDNA_Week4_Sulphatereduction_DNARNAkit_rep2_S13_R1_001.fastq.gz	../CMP/ShortReads/Nitrifying/NitrifyingPelletDNA_Week4_Sulphatereduction_DNARNAkit_rep3_S14_R1_001.fastq.gz	../CMP/ShortReads/Nitrifying/NitrifyingPelletDNA_Week8_Aerobic_DNARNAkit_rep1_S15_R1_001.fastq.gz	../CMP/ShortReads/Nitrifying/NitrifyingPelletDNA_Week8_Aerobic_DNARNAkit_rep2_S16_R1_001.fastq.gz	../CMP/ShortReads/Nitrifying/NitrifyingPelletDNA_Week8_Aerobic_DNARNAkit_rep3_S17_R1_001.fastq.gz	../CMP/ShortReads/Nitrifying/NitrifyingPelletDNA_Week8_Ironreduction_DNARNAkit_rep1_S21_R1_001.fastq.gz	../CMP/ShortReads/Nitrifying/NitrifyingPelletDNA_Week8_Ironreduction_DNARNAkit_rep2_S22_R1_001.fastq.gz	../CMP/ShortReads/Nitrifying/NitrifyingPelletDNA_Week8_Ironreduction_DNARNAkit_rep3_S23_R1_001.fastq.gz	../CMP/ShortReads/Nitrifying/NitrifyingPelletDNA_Week8_Nitratereduction_DNARNAkit_rep1_S18_R1_001.fastq.gz	../CMP/ShortReads/Nitrifying/NitrifyingPelletDNA_Week8_Nitratereduction_DNARNAkit_rep2_S19_R1_001.fastq.gz	../CMP/ShortReads/Nitrifying/NitrifyingPelletDNA_Week8_Nitratereduction_DNARNAkit_rep3_S20_R1_001.fastq.gz	../CMP/ShortReads/Nitrifying/NitrifyingPelletDNA_Week8_Sulphatereduction_DNARNAkit_rep1_S24_R1_001.fastq.gz	../CMP/ShortReads/Nitrifying/NitrifyingPelletDNA_Week8_Sulphatereduction_DNARNAkit_rep2_S25_R1_001.fastq.gz	../CMP/ShortReads/Nitrifying/NitrifyingPelletDNA_Week8_Sulphatereduction_DNARNAkit_rep3_S26_R1_001.fastq.gz
NO_TAXONOMY	99.99949999999998	100.0003	100.0006	100.00019999999998	100.00019999999996	99.99969999999998	99.99979999999998	99.99959999999996	99.99990000000004	100.0	99.99970000000002	100.00029999999994	99.9998	100.00020000000004	99.99989999999997	100.00039999999996	100.0001	100.00020000000004	99.99980000000002	100.0003	99.99999999999996	99.99989999999998	99.99970000000003	100.0	99.99970000000003	100.0
NO_TAXONOMY|t__MBSoxNitrifying2mlFrozenRep2_complete.2.fa	0.266	0.2235	0.2098	0.0	0.0	0.0	0.2073	0.1741	0.2527	0.1184	0.1374	0.2079	0.1423	0.1312	0.0143	0.0092	0.0	0.048	0.131	0.19699999999999998	0.1513	0.1221	0.2385	0.2216	0.2192	0.2249
NO_TAXONOMY|t__MBSoxNitrifying2mlFrozenRep2_metaMDBG_complete.44.fa	0.1601	0.1364	0.1269	0.0127	0.0655	0.1184	0.2037	0.1475	0.1819	0.08900000000000001	0.0887	0.1362	0.0994	0.06	0.0235	0.0253	0.0453	0.2341	0.1743	0.1907	0.0862	0.0848	0.12	0.1375	0.1364	0.1302
NO_TAXONOMY|t__MBSoxNitrifying2mlFrozenRep2_metaMDBG_complete.50.fa	0.0799	0.0588	0.0549	0.0	0.0	0.0	0.0209	0.0257	0.0197	0.0246	0.0183	0.0314	0.0184	0.0194	0.0	0.0	0.0	0.0087	0.0122	0.0213	0.0128	0.0112	0.02	0.023	0.0195	0.0161
NO_TAXONOMY|t__MBSoxNitrifying2mlFrozenRep2_metaMDBG_semibin2_4.fa	0.0298	0.0165	0.023	0.0	0.0	0.0	0.0272	0.016	0.0071	0.0251	0.0	0.017	0.004	0.0183	0.0	0.0	0.0	0.0	0.0173	0.005	0.0	0.0067	0.0311	0.0161	0.0121	0.0124
NO_TAXONOMY|t__MBSoxNitrifying4mlFreshRep3_complete.10.fa	0.1257	0.1171	0.1131	0.0	0.0283	0.017	0.0662	0.0687	0.0805	0.0488	0.0641	0.0869	0.0552	0.0534	0.0193	0.0107	0.0	0.0492	0.0566	0.0706	0.0496	0.0485	0.0761	0.086	0.0909	0.0708
NO_TAXONOMY|t__MBSoxNitrifying4mlFreshRep3_complete.11.fa	7.4628	6.9742	6.2013	0.3383	1.9173	2.0848	7.7474	7.1699	5.1313	2.9613	2.7888	4.1848	3.4707	2.2185	1.5335	1.4222	0.395	9.1522	9.6134	6.6817	2.4994	2.18	2.6013	3.906	3.4764	3.1779
NO_TAXONOMY|t__MBSoxNitrifying4mlFreshRep3_complete.19.fa	0.6974	0.7714	0.7094	0.0631	0.6834	3.0394	0.5407	0.6336	0.4966	0.4223	0.4087	0.6429	0.4311	0.2818	0.0982	0.0961	30.5539	0.5842	0.4271	0.4717	0.3542	0.3208	0.4474	0.5292	0.4859	0.3974
NO_TAXONOMY|t__MBSoxNitrifying4mlFreshRep3_complete.2.fa	1.0022	0.8263	0.7589	0.0393	0.5778	0.5317	0.6353	0.6677	0.7175	0.4698	0.4778	0.7761	0.4942	0.4754	0.2356	0.1891	0.0702	0.6418	0.7316	0.8669	0.4975	0.4669	0.8223	0.8608	0.8953	0.9415
NO_TAXONOMY|t__MBSoxNitrifying4mlFreshRep3_metaMDBG_complete.19.fa	0.0438	0.0333	0.02	0.0	0.0	0.0	0.0109	0.0	0.0106	0.0	0.0	0.0075	0.0109	0.0	0.0	0.0	0.0	0.0039	0.0132	0.0086	0.0088	0.0077	0.013999999999999999	0.0098	0.0074	0.0049
NO_TAXONOMY|t__MBSoxNitrifying4mlFreshRep3_metaMDBG_complete.26.fa	0.0	0.0	0.0	0.0	0.1319	0.0	0.0	0.0	0.0	0.0	0.0	0.0	0.0	0.0	0.0505	0.0543	0.0138	0.0	0.0	0.0	0.0	0.0	0.0	0.0	0.0	0.0
NO_TAXONOMY|t__MBSoxNitrifying4mlFreshRep3_metaMDBG_complete.39.fa	3.7212	3.4771	3.5009	0.9338	1.1017	5.5603	4.0317	3.1446	3.9471	2.3054	3.1925	3.9286	2.5548	2.5780000000000003	0.5683	0.6224	1.1247	3.3206	3.9918	4.3831	2.412	2.4923	3.4281	3.7042	3.9909	3.0262
NO_TAXONOMY|t__MBSoxNitrifying4mlFreshRep3_metaMDBG_complete.48.fa	65.9475	67.8662	69.8143	3.0999	26.4261	4.5641	58.9618	56.0408	64.5381	30.5066	38.5381	50.56100000000001	35.068000000000005	29.0965	15.7369	17.4263	11.5914	54.3747	56.1578	63.0182	30.4854	30.4401	52.8021	55.2517	58.9471	42.196000000000005
NO_TAXONOMY|t__MEGAHIT-MaxBin2Refined-group-2.006.fa	0.0	0.0	0.0	12.6853	1.6073	0.0	0.0	0.0	0.0	0.0	0.0	0.0	0.0	0.0	0.6355	0.4972	0.0	0.0	0.0	0.0	0.0	0.0	0.0	0.0	0.0	0.0
NO_TAXONOMY|t__MEGAHIT-MaxBin2Refined-group-2.015.fa	0.0	0.0	0.0	6.3912	3.1817	0.6682	0.0	0.0	0.0	0.0	0.0	0.0	0.0	0.0	0.2047	0.1972	0.0662	0.0	0.0	0.0	0.0	0.0	0.0	0.0	0.0	0.0
NO_TAXONOMY|t__MEGAHIT-MaxBin2Refined-group-2.016_sub.fa	0.0	0.0	0.0	3.0292	2.311	0.7393	0.0	0.0	0.0076	0.0	0.0	0.0123	0.0093	0.0	0.057	0.067	0.3381	0.0	0.0068	0.0058	0.0	0.0041	0.0	0.012	0.0098	0.0186
NO_TAXONOMY|t__MEGAHIT-MaxBin2Refined-group-2.020_sub.fa	0.0672	0.0612	0.0492	0.2314	0.3209	4.0075	0.0524	0.0246	0.0268	0.0	0.0	0.0	0.0	0.0	0.0499	0.0519	0.0872	0.0198	0.0277	0.0266	0.0	0.0	0.0	0.0	0.0	0.0
NO_TAXONOMY|t__MEGAHIT-MaxBin2Refined-group-2.022_sub.fa	0.0	0.0	0.0	0.1482	0.3728	4.4192	0.0	0.0	0.0	0.0	0.0	0.0	0.0	0.0	0.0658	0.0786	1.7781	0.0	0.0	0.0	0.0	0.0	0.0	0.0	0.0	0.0
NO_TAXONOMY|t__MEGAHIT-MaxBin2Refined-group-4.002.fa	0.0	0.0	0.0	0.0	0.0	0.0	0.1886	4.191	1.1987	27.5687	14.7466	13.4157	21.9548	35.9457	0.0	0.0	0.0	0.0557	0.0992	0.9463	28.2247	28.8841	10.7434	10.9082	8.013	17.3191
NO_TAXONOMY|t__MEGAHIT-MaxBin2Refined-group-5.004.fa	0.0	0.0	0.0	0.0249	0.0556	0.2735	0.0	9.0819	0.3117	0.0	7.659	0.0	17.4174	16.2058	0.0702	0.1031	0.4251	0.0	0.0	0.2277	0.0	0.0	8.5308	0.0	0.0	7.2806
NO_TAXONOMY|t__MEGAHIT-MaxBin2Refined-group-5.019.fa	0.0	0.0	0.0	0.0	0.0	0.0	0.0	0.0	2.852	0.0	1.8864	2.1595	0.0	0.0	0.0	0.0	0.0	0.0	0.0	4.1086	0.0	0.0	0.0	1.4873	1.2326	0.0
NO_TAXONOMY|t__MEGAHIT-MaxBin2Refined-group-6.003.fa	0.0	0.0	0.0	0.0	3.4041	0.2894	0.0	0.0	0.0	0.0	0.0	0.0	0.0	0.0	18.8215	17.1852	7.5886	0.0	0.0	0.0	0.0	0.0	0.0	0.0	0.0	0.0
NO_TAXONOMY|t__MEGAHIT-MaxBin2Refined-group-6.013.fa	0.0	0.0	0.0	1.5738	3.7805	7.602	0.0	0.0	0.0	0.0	0.0	0.0	0.0	0.0	2.9666	3.2661	2.5852	0.0	0.0	0.0	0.0	0.0	0.0	0.0	0.0	0.0
NO_TAXONOMY|t__MEGAHIT-MaxBin2Refined-group-6.020.fa	0.0	0.0	0.0	0.0	0.0	0.0	0.0	0.0	0.0	0.0	0.0	0.0	0.0	0.0	1.3167	1.2494	0.0	0.0	0.0	0.0	0.0	0.0	0.0	0.0	0.0	0.0
NO_TAXONOMY|t__MEGAHIT-MaxBin2Refined-group-8.003.fa	0.0	0.0	0.0	0.0	0.0	0.0	0.0	0.0	0.0	17.015	11.1084	0.0	0.0	0.0	0.0	0.0	0.0	0.0	0.0	0.0	15.6251	15.6197	0.0	0.0	0.0	0.0
NO_TAXONOMY|t__MEGAHIT-MaxBin2Refined-group-9.010_sub.fa	0.0	0.0	0.0	0.4462	0.3953	0.0	0.0	0.0	0.0	0.0	0.0	0.0	0.0	0.018000000000000002	5.0406	5.7304	0.0	0.0	0.0	0.0	0.0	0.0	0.0	0.0	0.0	4.747
NO_TAXONOMY|t__MEGAHIT-MaxBin2Refined-group-9.018.fa	0.2708	0.2704	0.2487	0.1344	0.6062	1.3258	0.3655	0.2687	0.3264	0.5596	0.611	0.9215	0.6673	0.5181	0.0482	0.0598	0.0938	0.4086	0.3186	0.3289	0.4764	0.5056	0.5506	0.8038	0.8257	0.8065
NO_TAXONOMY|t__MEGAHIT-MetaBAT2Refined-group-1.1.fa	0.7662	0.7513	0.7857	0.0	0.0	0.0104	0.1627	0.3011	0.3509	0.2123	0.3077	0.3479	0.2251	0.3075	0.0	0.0	0.0	0.061	0.1164	0.1941	0.2099	0.2331	0.1921	0.3469	0.3942	0.3028
NO_TAXONOMY|t__MEGAHIT-MetaBAT2Refined-group-2.21.fa	0.0	0.0	0.0	0.4444	1.0873	0.4442	0.0	0.0	0.0	0.0	0.0	0.0	0.0	0.0	0.5562	0.6619	0.1785	0.0	0.0	0.0	0.0	0.0	0.0	0.0	0.0	0.0
NO_TAXONOMY|t__MEGAHIT-MetaBAT2Refined-group-2.23.fa	0.0	0.0	0.0	0.0	1.2906	6.905	0.0	0.0	0.0	0.0	0.0	0.0	0.0	0.0	0.0	0.0	0.22399999999999998	0.0	0.0	0.0	0.0	0.0	0.0	0.0	0.0	0.0
NO_TAXONOMY|t__MEGAHIT-MetaBAT2Refined-group-2.26_sub.fa	0.0	0.0	0.0	0.0	0.0	1.7552	0.0	0.0	0.0	0.0	0.0	0.0	0.0	0.0	0.0	0.0	1.2155	0.0	0.0	0.0	0.0	0.0	0.0	0.0	0.0	0.0455
NO_TAXONOMY|t__MEGAHIT-MetaBAT2Refined-group-2.27.fa	0.0	0.0	0.0	48.8279	0.6126	0.0146	0.0	0.0	0.0	0.0	0.0	0.0	0.0	0.0	28.6343	27.7735	0.0292	0.0	0.0	0.0	0.0	0.0	0.0	0.0	0.0	0.0
NO_TAXONOMY|t__MEGAHIT-MetaBAT2Refined-group-2.28_sub.fa	0.0	0.0	0.0	0.3458	0.7535	8.8488	0.0	0.0	0.0	0.0	0.0	0.0	0.0	0.0	0.7708	0.9338	0.7527	0.0	0.0	0.0	0.0	0.0	0.0	0.0	0.0	0.0
NO_TAXONOMY|t__MEGAHIT-MetaBAT2Refined-group-2.33.fa	0.0	0.0	0.0	7.2936	0.1562	0.0818	0.0	0.0	0.0	0.0	0.0	0.0	0.0	0.0	0.1574	0.1518	0.0	0.0	0.0	0.0	0.0	0.0	0.0	0.0	0.0	0.0
NO_TAXONOMY|t__MEGAHIT-MetaBAT2Refined-group-2.34.fa	0.0	0.0	0.0	0.1195	0.0	1.2225	0.0	0.0	0.0	0.0	0.0	0.0	0.0	0.0	0.0123	0.0123	0.9306	0.0	0.0	0.0	0.0	0.0	0.0	0.0	0.0	0.0
NO_TAXONOMY|t__MEGAHIT-MetaBAT2Refined-group-2.35.fa	0.0	0.0	0.0	5.6103	13.295	3.3371	0.0413	0.0	0.0147	1.7180000000000002	0.0946	1.2476	0.1508	0.3091	0.43700000000000006	0.5184	0.3867	0.0207	0.0262	0.0	1.4724	1.4529	0.0156	1.2879	0.8053	0.1868
NO_TAXONOMY|t__MEGAHIT-MetaBAT2Refined-group-2.36.fa	0.0	0.0	0.0	2.1351	10.9525	0.2706	0.0	0.0	0.0	0.0	0.0	0.0	0.0	0.0	2.6786	2.3438	0.5287	0.0	0.0	0.0	0.0	0.0	0.0	0.0	0.0	0.0
NO_TAXONOMY|t__MEGAHIT-MetaBAT2Refined-group-2.38.fa	0.0	0.0	0.0	0.0	10.3664	7.2085	0.0	0.0	0.0	0.0	0.0	0.0	0.0	0.0	0.0	0.0	2.0365	0.0	0.0	0.0	0.0	0.0	0.0	0.0	0.0	0.0
NO_TAXONOMY|t__MEGAHIT-MetaBAT2Refined-group-2.43_sub.fa	0.0	0.0	0.0	0.4277	1.3057	0.4975	0.0	0.0	0.0	0.0	0.0	0.0	0.0	0.0	0.1289	0.1388	0.1316	0.0	0.0	0.0	0.0	0.0	0.0	0.0	0.0	0.0
NO_TAXONOMY|t__MEGAHIT-MetaBAT2Refined-group-3.31.fa	0.0	0.0	0.0	0.0	0.0	0.0	0.0	2.6998	0.0	0.0	0.0	0.0	0.0	0.0	0.0	0.0	0.0	0.0	0.0	0.0	0.0	0.0	0.0	0.0	0.0	0.0
NO_TAXONOMY|t__MEGAHIT-MetaBAT2Refined-group-6.28.fa	0.0	0.0087	0.0101	0.0	0.0	0.0	0.0	0.0	0.0053	0.0079	0.0	0.0104	0.0	0.006	0.0	0.0	1.5696	0.0039	0.0042	0.0037	0.0034	0.005	0.0098	0.0091	0.0049	0.0067
NO_TAXONOMY|t__MEGAHIT-MetaBAT2Refined-group-6.32.fa	0.0	0.0	0.0	0.0	0.1708	0.0256	0.0	0.0	0.0	0.0	0.0	0.0	0.0	0.0	4.2708	4.4124	0.3408	0.0	0.0	0.0	0.0	0.0	0.0	0.0	0.0	0.0
NO_TAXONOMY|t__MEGAHIT-MetaBAT2Refined-group-6.35.fa	0.0	0.0	0.0	0.0	0.4829	8.5356	0.0	0.0	0.0	0.0	0.0	0.0	0.0	0.0	0.0	0.0	14.8768	0.0	0.0	0.0	0.0	0.0	0.0	0.0	0.0	0.0
NO_TAXONOMY|t__MEGAHIT-MetaBAT2Refined-group-6.42.fa	0.0	0.0	0.0	0.0	0.0	0.0	0.0	0.0	0.0	0.0	0.0	0.0	0.0	0.0	10.9196	11.2681	2.9982	0.0	0.0	0.0	0.0	0.0	0.0	0.0	0.0	0.0
NO_TAXONOMY|t__MEGAHIT-MetaBAT2Refined-group-6.43.fa	0.0	0.0	0.0	0.0	0.0798	0.5233	0.0	0.0	0.0	0.0	0.0	0.0	0.0	0.0	1.4209	1.2996	1.0461	0.0	0.0	0.0	0.0	0.0	0.0	0.0	0.0	0.0
NO_TAXONOMY|t__MEGAHIT-MetaBAT2Refined-group-6.45.fa	0.0282	0.0271	0.0273	0.1035	0.2611	0.2185	0.0321	0.0	0.0187	0.0192	0.0156	0.025	0.023	0.0	0.1385	0.1298	1.2696	0.0233	0.0216	0.0217	0.0127	0.0178	0.0296	0.024	0.0253	0.0246
NO_TAXONOMY|t__MEGAHIT-MetaBAT2Refined-group-6.46_sub.fa	0.0	0.0	0.0	0.0	0.0	0.0212	0.0	0.0	0.0	0.0	0.0	0.0	0.0	0.0	0.0	0.0	2.8652	0.0	0.0	0.0	0.0	0.0	0.0	0.0	0.0	0.0
NO_TAXONOMY|t__MEGAHIT-MetaBAT2Refined-group-6.9.fa	0.0135	0.0104	0.0	2.1991	1.7943	12.7198	0.0	0.0	0.0	0.0	0.0	0.0	0.0	0.0	0.0584	0.064	6.9971	0.0	0.0	0.0	0.0	0.0	0.0	0.0	0.0	0.0073
NO_TAXONOMY|t__MEGAHIT-MetaBAT2Refined-group-8.23.fa	0.0	0.0	0.0	0.0	0.0	1.0054	9.7044	0.0	0.0	0.0	0.0	0.0	0.0	0.0	0.0	0.0	0.8682	11.6902	12.3571	0.0	0.0	0.0	2.8362	0.0	0.0	0.0
NO_TAXONOMY|t__MEGAHIT-MetaBAT2Refined-group-8.7.fa	0.0	0.0	0.0	0.0	0.0	0.0	0.0	0.0	0.0	2.0912	0.0	0.0	0.0	0.0	0.0	0.0	0.0	0.0	0.0	0.0	4.7772	5.8134	0.0	0.0	0.0	0.0
NO_TAXONOMY|t__NitrifyingCombined_complete.10.fa	0.4238	0.3395	0.289	0.0201	0.3974	0.2294	0.3581	0.316	0.3259	0.2109	0.2608	0.3691	0.2406	0.075	0.1865	0.1686	0.0528	0.3797	0.2746	0.4383	0.2787	0.3111	0.2045	0.3921	0.4282	0.2285
NO_TAXONOMY|t__NitrifyingCombined_complete.14.fa	0.141	0.1225	0.1219	0.0	0.0306	0.0	0.1211	0.0718	0.0889	0.0353	0.0432	0.0476	0.0377	0.0266	0.0	0.0	0.0	0.106	0.1015	0.096	0.026000000000000002	0.0273	0.0314	0.0411	0.0453	0.024
NO_TAXONOMY|t__NitrifyingCombined_complete.27.fa	0.19699999999999998	0.1603	0.1243	0.0	0.0205	0.0094	0.168	0.1175	0.1273	0.0509	0.0678	0.1004	0.0661	0.0365	0.0	0.0058	0.0	0.0955	0.1357	0.179	0.0833	0.0771	0.0399	0.0878	0.0733	0.0535
NO_TAXONOMY|t__NitrifyingCombined_complete.3.fa	0.2905	0.2231	0.1953	0.0188	0.0577	0.0092	0.2278	0.1957	0.2089	0.1141	0.1354	0.1908	0.1259	0.0977	0.0172	0.0163	0.0	0.1834	0.2436	0.2606	0.1202	0.1126	0.1996	0.19	0.1875	0.2014
NO_TAXONOMY|t__NitrifyingCombined_complete.32.fa	0.11900000000000001	0.0957	0.0756	0.0	0.0843	0.1071	0.0638	0.0707	0.0741	0.0454	0.0589	0.0681	0.0633	0.0542	0.0199	0.0144	0.0208	0.0785	0.0523	0.0743	0.0363	0.0271	0.0553	0.0644	0.0656	0.0987
NO_TAXONOMY|t__NitrifyingCombined_complete.40.fa	0.4828	0.5199	0.4921	0.1449	0.7402	0.7399	1.7133	1.5521	1.4634	1.0270000000000001	1.4856	1.6465	1.2736	1.1708	0.1188	0.0968	0.0959	1.6572	1.8199	1.3773	0.9420000000000001	0.9184	0.6626	1.2329999999999999	1.2389	0.9236
NO_TAXONOMY|t__NitrifyingCombined_complete.43.fa	0.2858	0.2324	0.182	0.0	0.0	0.0	0.0408	0.0662	0.0849	0.0259	0.0406	0.0487	0.0384	0.0287	0.0	0.0	0.0	0.0491	0.0573	0.1027	0.0267	0.0299	0.0361	0.0434	0.0365	0.035
NO_TAXONOMY|t__NitrifyingCombined_complete.44.fa	0.2071	0.2095	0.203	0.0175	0.1103	0.0247	0.1396	0.1723	0.182	0.1076	0.1523	0.1699	0.1181	0.0748	0.0411	0.0424	0.0	0.1889	0.1812	0.1952	0.1197	0.1038	0.1883	0.1878	0.19699999999999998	0.297
NO_TAXONOMY|t__NitrifyingCombined_complete.45.fa	0.1372	0.1214	0.08199999999999999	0.0	0.0	0.0	0.1554	0.1249	0.1377	0.0642	0.0776	0.1486	0.092	0.0679	0.0	0.0	0.0	0.1016	0.0949	0.1356	0.0827	0.0584	0.057999999999999996	0.0943	0.0661	0.0686
NO_TAXONOMY|t__NitrifyingCombined_complete.48.fa	0.2637	0.264	0.2394	0.0478	0.2541	0.1848	0.1998	0.1547	0.1878	0.1371	0.0676	0.0572	0.1736	0.0931	0.0653	0.0564	0.0553	0.2229	0.1715	0.1895	0.0526	0.0441	0.046	0.0187	0.015	0.0451
NO_TAXONOMY|t__NitrifyingCombined_complete.5.fa	0.6568	0.6669	0.6669	0.1455	0.3585	0.1773	0.4651	0.4669	0.6589	0.3382	0.45299999999999996	0.5298	0.3738	0.2919	0.1604	0.1487	0.0458	0.6765	0.5847	0.6705	0.318	0.2952	0.4417	0.5919	0.6054	0.4813
NO_TAXONOMY|t__NitrifyingCombined_complete.50.fa	1.4544	1.5223	1.5367	0.0244	0.1599	0.1408	0.4442	0.3693	0.4823	0.4152	0.6607	0.6575	0.6231	0.441	0.0345	0.018000000000000002	0.0	0.4972	0.3385	0.363	0.3919	0.326	0.4454	0.7333	0.7133	0.4574
NO_TAXONOMY|t__NitrifyingCombined_complete.7.fa	0.9026	0.8711	0.8308	0.0621	0.4134	0.2173	0.4943	0.5358	0.8124	0.6594	0.8453	1.0169	0.9613	0.6258	0.0757	0.0576	0.0391	0.4608	0.3433	0.6287	0.5435	0.4438	0.6628	0.9813	0.9723	0.722
NO_TAXONOMY|t__NitrifyingCombined_complete.75.fa	0.0209	0.0182	0.0204	0.0	0.0	0.0	0.0163	0.021	0.0199	0.0059	0.0131	0.0143	0.0096	0.0135	0.0	0.0	0.0	0.0081	0.0106	0.0243	0.0124	0.0095	0.0087	0.0113	0.0101	0.0136
NO_TAXONOMY|t__NitrifyingCombined_complete.9.fa	0.0443	0.0358	0.0317	0.0	0.0	0.0	0.0129	0.0	0.0165	0.009000000000000001	0.0	0.0067	0.0079	0.0	0.0	0.0	0.0	0.0085	0.0052	0.0274	0.0	0.0	0.0	0.0	0.0	0.0
NO_TAXONOMY|t__NitrifyingCombined_metaMDBG_complete.11.fa	1.4025	1.4098	1.3967	0.1994	1.883	1.5685	2.2356	2.2867	3.0719	2.737	3.3325	4.1518	3.1486	2.0154	0.355	0.2991	0.2003	3.6988	2.3417	2.5907	2.3337	2.1083	3.1701	3.8716	3.9395	3.4824
NO_TAXONOMY|t__NitrifyingCombined_metaMDBG_complete.14.fa	0.1027	0.1039	0.0996	0.0	0.0339	0.0212	0.1131	0.0269	0.0652	0.0623	0.0831	0.1178	0.0732	0.0525	0.0	0.0	0.0	0.0339	0.0541	0.0778	0.0741	0.0579	0.0573	0.0911	0.0853	0.0872
NO_TAXONOMY|t__NitrifyingCombined_metaMDBG_complete.15.fa	0.062	0.0512	0.0473	0.0	0.0163	0.0109	0.0606	0.0433	0.0475	0.0255	0.0293	0.0454	0.0296	0.0269	0.0113	0.005	0.0	0.0508	0.0593	0.0544	0.0224	0.0244	0.0392	0.0407	0.0471	0.0312
NO_TAXONOMY|t__NitrifyingCombined_metaMDBG_complete.16.fa	0.8618	0.8455	0.7697	0.0	0.0347	0.0891	0.6986	0.5457	0.6594	0.3171	0.4093	0.5041	0.336	0.2388	0.0431	0.04	0.4652	0.6761	0.7415	0.6938	0.332	0.2995	0.3115	0.5266	0.556	0.4093
NO_TAXONOMY|t__NitrifyingCombined_metaMDBG_complete.27.fa	0.3789	0.3386	0.325	0.0	0.0624	0.1192	0.11199999999999999	0.098	0.1354	0.0774	0.0576	0.1514	0.08	0.1055	0.0281	0.0243	0.0344	0.0973	0.0875	0.1046	0.079	0.0706	0.1705	0.1735	0.1602	0.0994
NO_TAXONOMY|t__NitrifyingCombined_metaMDBG_complete.31.fa	0.1636	0.1521	0.1391	0.0	0.1266	0.1323	0.1663	0.1462	0.0821	0.075	0.1029	0.1091	0.0836	0.0509	0.026000000000000002	0.0143	0.0536	0.188	0.218	0.1639	0.0772	0.0701	0.1226	0.1239	0.1351	0.1141
NO_TAXONOMY|t__NitrifyingCombined_metaMDBG_complete.43.fa	0.3348	0.27	0.2268	0.0379	0.3494	0.1532	0.3338	0.3208	0.2411	0.1416	0.1314	0.2281	0.2238	0.1063	0.0937	0.0719	0.0226	0.35700000000000004	0.3388	0.2841	0.1287	0.1158	0.1305	0.198	0.1927	0.2085
NO_TAXONOMY|t__NitrifyingCombined_metaMDBG_complete.55.fa	0.3349	0.3474	0.3394	0.0242	0.1031	0.1122	0.3441	0.2946	0.281	0.16699999999999998	0.2095	0.2725	0.1796	0.1466	0.0568	0.0639	0.2315	0.2925	0.4192	0.4195	0.1752	0.1619	0.2929	0.3004	0.3306	0.3154
NO_TAXONOMY|t__NitrifyingCombined_metaMDBG_complete.72.fa	0.1668	0.1718	0.1828	0.0	0.0252	0.0091	0.1666	0.139	0.1327	0.0759	0.1164	0.124	0.083	0.0696	0.0126	0.0223	0.0	0.1089	0.2087	0.1443	0.0745	0.0743	0.0758	0.1275	0.1378	0.1014
NO_TAXONOMY|t__NitrifyingCombined_metaMDBG_complete.75.fa	0.7426	0.6345	0.5734	0.0	0.0	0.1435	0.3587	0.1674	0.3914	0.2759	0.3131	0.29	0.3142	0.2065	0.0	0.0	0.2884	0.4022	0.2854	0.3662	0.2464	0.2241	0.0343	0.1469	0.1482	0.2417
NO_TAXONOMY|t__NitrifyingCombined_metaMDBG_complete.85.fa	0.247	0.2369	0.2335	0.0578	0.2121	0.2701	0.381	0.3068	0.4125	0.3941	0.4426	0.5483	0.4073	0.2885	0.0599	0.0544	0.0426	0.4163	0.34700000000000003	0.3829	0.3422	0.2996	0.4965	0.5559	0.5648	0.642
NO_TAXONOMY|t__NitrifyingCombined_metaMDBG_metabat2.33.fa	0.0273	0.0182	0.0106	0.0	0.0	0.0	0.0263	0.0203	0.0234	0.0	0.0	0.0101	0.0123	0.0076	0.0	0.0	0.0	0.0067	0.0144	0.0312	0.0128	0.0045	0.0	0.0	0.0	0.0105
NO_TAXONOMY|t__NitrifyingCombined_metaMDBG_metabat2.5.fa	0.0	0.0	0.0	2.0121	1.107	1.4533	0.0	0.0	0.0	0.0	0.0	0.0	0.0	0.0	0.0062	0.0103	0.1717	0.0	0.0	0.0	0.0	0.0	0.0	0.0	0.0	0.0
NO_TAXONOMY|t__NitrifyingCombined_metaMDBG_metabat2.68.fa	0.0154	0.0101	0.0101	0.0	0.2657	2.5822	0.0	0.0	0.0	0.0	0.0	0.0	0.0	0.0	0.0	0.0	0.2131	0.0112	0.0	0.0033	0.0	0.0	0.0136	0.003	0.0053	0.0
NO_TAXONOMY|t__NitrifyingCombined_metaMDBG_metabat2.7.fa	0.0867	0.0812	0.0671	0.0161	0.0795	0.0499	0.109	0.1112	0.1066	0.0565	0.0574	0.0856	0.081	0.0576	0.0308	0.0285	0.0206	0.1491	0.0808	0.1239	0.0571	0.0467	0.0643	0.086	0.0852	0.0978
NO_TAXONOMY|t__NitrifyingCombined_metaMDBG_metabat2.91.fa	0.0222	0.0216	0.0241	0.0	0.0	0.0	0.0193	0.0097	0.0146	0.0097	0.0145	0.0111	0.0028	0.0172	0.0	0.0	0.0	0.0087	0.0186	0.0269	0.006999999999999999	0.0076	0.0165	0.0098	0.0107	0.0107
NO_TAXONOMY|t__NitrifyingCombined_metaMDBG_metabat2.97.fa	0.0765	0.0732	0.0677	0.0	0.0805	0.1439	0.0396	0.05	0.0411	0.0738	0.0948	0.1055	0.1181	0.0943	0.0	0.0	0.0429	0.0401	0.0277	0.0292	0.0613	0.0539	0.0737	0.0922	0.0873	0.1063
NO_TAXONOMY|t__NitrifyingCombined_metaMDBG_semibin2_14.fa	0.1094	0.0927	0.08900000000000001	0.0	0.0689	0.1707	0.066	0.0681	0.1014	0.0627	0.0633	0.12	0.0651	0.0372	0.0649	0.0401	0.2089	0.0827	0.0815	0.1063	0.0741	0.0742	0.0829	0.1184	0.1233	0.0779
NO_TAXONOMY|t__NitrifyingCombined_metaMDBG_semibin2_18.fa	0.185	0.156	0.1221	0.0	0.0097	0.0	0.2032	0.0773	0.1394	0.0743	0.0844	0.1434	0.08900000000000001	0.0867	0.0	0.0	1.0424	0.1336	0.1606	0.1707	0.0915	0.0951	0.1455	0.1491	0.1311	0.1609
NO_TAXONOMY|t__NitrifyingCombined_metaMDBG_semibin2_28.fa	0.0739	0.063	0.0507	0.0253	0.0397	0.0324	0.0422	0.0407	0.0608	0.0249	0.0384	0.0498	0.0332	0.0391	0.0201	0.0079	0.1309	0.0576	0.0538	0.0597	0.0254	0.0177	0.0461	0.0514	0.0424	0.0658
NO_TAXONOMY|t__NitrifyingCombined_metabat2.123.fa	0.1496	0.1643	0.1631	0.0	0.0	0.0	0.1046	0.0708	0.0968	0.0887	0.1233	0.1	0.0894	0.0729	0.0	0.0	0.0	0.099	0.0934	0.0879	0.0887	0.0779	0.0862	0.0905	0.0867	0.0789
NO_TAXONOMY|t__NitrifyingCombined_metabat2.198.fa	0.059000000000000004	0.0468	0.0356	0.0	0.0	0.0	0.0479	0.0241	0.0514	0.0139	0.0272	0.0354	0.0197	0.0316	0.0	0.0	0.0	0.0469	0.0229	0.0537	0.0127	0.0125	0.0139	0.0205	0.0154	0.0109
NO_TAXONOMY|t__NitrifyingCombined_metabat2.75.fa	0.0402	0.0373	0.0368	0.0583	0.2481	0.0619	0.0552	0.0548	0.0781	0.1049	0.1367	0.0969	0.1274	0.0828	0.0	0.0	0.0	0.0548	0.0437	0.0584	0.0877	0.0737	0.0819	0.0742	0.0696	0.0991
NO_TAXONOMY|t__NitrifyingCombined_semibin2_12.fa	0.1972	0.1966	0.1831	0.0	0.0611	0.0714	0.1823	0.1308	0.158	0.0869	0.0848	0.1382	0.0908	0.0704	0.0	0.0	0.0	0.1993	0.1632	0.1743	0.0783	0.0657	0.1253	0.1374	0.1393	0.1105
NO_TAXONOMY|t__QpsNitrifying4mlFrozenRep1_complete.16.fa	0.2004	0.193	0.203	0.0724	0.4228	0.2573	0.6662	0.4009	0.9093	0.8525	1.4806	1.212	1.3363	0.8274	0.0383	0.0376	0.0448	0.8464	0.7120000000000001	0.7190000000000001	0.8534	0.7683	1.2726	1.1961	1.1233	1.2464
NO_TAXONOMY|t__QpsNitrifying4mlFrozenRep1_complete.20.fa	1.7026	1.7138	1.7031	0.0593	0.5362	0.0654	0.5919	1.0545	0.8420000000000001	0.8241	1.0391	1.3485	0.8541	0.7053	0.2608	0.2557	0.0	0.2125	0.2927	0.5329	0.7569	0.6515	1.2372	1.3837	1.4242	1.5672
NO_TAXONOMY|t__QpsNitrifying4mlFrozenRep1_complete.25.fa	0.8038	0.7054	0.6079	0.0131	0.0685	0.0	0.4981	0.525	0.7801	0.3036	0.3853	0.631	0.4424	0.3412	0.0201	0.0125	0.0	0.4281	0.3881	0.6807	0.244	0.2243	0.653	0.5607	0.5861	0.5409
NO_TAXONOMY|t__QpsNitrifying4mlFrozenRep1_complete.32.fa	1.3937	1.2364	1.1289	0.0979	0.7489	0.5893	1.4687	0.8382	1.4923	1.3147	1.5978	1.7016	1.5582	0.6553	0.1147	0.0801	0.0994	1.9344	1.1424	1.4397	1.1105	0.9940000000000001	1.3337	1.7590000000000001	1.7583	1.8368
NO_TAXONOMY|t__QpsNitrifying4mlFrozenRep1_complete.35.fa	1.8392	1.785	1.7336	0.025	0.0648	0.0754	1.0542	1.2046	1.5103	0.7898	0.9941	1.4399	0.9274	0.8014	0.0457	0.0415	0.1545	0.9133	0.7693	1.2897	0.7596	0.6381	1.3174	1.3941	1.4376	1.1934
NO_TAXONOMY|t__QpsNitrifying4mlFrozenRep1_metaMDBG_complete.13.fa	0.7932	0.7803	0.7512	0.0914	0.6528	0.6368	1.2197	1.0214	1.6366	0.8269	1.0995	1.3735	1.2085	0.7699	0.1458	0.1216	0.0775	1.8718	1.1731	1.4941	0.6818	0.5763	1.0382	1.2562	1.2207	1.3461
NO_TAXONOMY|t__QpsNitrifying4mlFrozenRep1_metaMDBG_complete.28.fa	0.4524	0.4193	0.3796	0.0587	0.3852	0.3951	0.5135	0.6199	0.5175	0.4492	0.5791	0.5799	0.6335	0.4118	0.0646	0.0516	0.1429	0.6895	0.4042	0.4172	0.3866	0.3302	0.4149	0.6096	0.5432	0.6237
NO_TAXONOMY|t__QpsNitrifying4mlFrozenRep1_metaMDBG_complete.39.fa	0.5595	0.5355	0.4999	0.0116	0.0877	0.0426	0.4217	0.34	0.4659	0.2526	0.3196	0.40700000000000003	0.2906	0.19899999999999998	0.0415	0.0431	0.0	0.4433	0.5043	0.5541	0.2915	0.2452	0.4316	0.47600000000000003	0.5007	0.3997
NO_TAXONOMY|t__QpsNitrifying4mlFrozenRep1_metaMDBG_complete.5.fa	0.1055	0.0764	0.0555	0.0	0.0234	0.0167	0.0792	0.0713	0.0873	0.0322	0.0465	0.0761	0.0594	0.0438	0.0	0.0	0.0	0.0349	0.033	0.1246	0.0407	0.0349	0.0607	0.0805	0.0656	0.0904
