"Date"	"Bottle number"	"Abiotic vs biotic"	"Metabolism"	"Replicate"	"Mass (g)"	"OD 600"	"pH"	"Redox"	"1X NO3 concentration mM Carleton"	"10X NO3 concentration mM Carleton"	"1X NO2 concentration mM Carleton"	"10X NO2 concentration mM Carleton"	"1X NH3 concentration mM Carleton"	"10X NH3 concentration mM Carleton"	"10X NO2 concentration mM BV"	"1X NO3 concentration mM BV"	"10X NO3 concentration mM BV"	"Ratio of NO2 Carleton vs BV"	"Days_elapsed"
2023-06-19	1	"Abiotic"	"Aerobic"	"1"	204.1	0.099	7.238	-9.8	NA	NA	0.575764726240198	0.495607101001282	1.68712534234303	7.27285059766055	0.252146505814585	0.0190307540210532	0.190307540210532	2.28345312333451	0
2023-06-19	2	"Abiotic"	"Aerobic"	"2"	204.1	0.099	7.238	-9.8	NA	NA	0.681949393174292	0.467291189818857	1.74318001484553	6.69694642811436	0.239104445169003	0.0201596970562004	0.201596970562004	1.95433919887423	0
2023-06-19	3	"Abiotic"	"Aerobic"	"3"	204.1	0.099	7.238	-9.8	NA	NA	0.686432745778176	0.495607101001282	1.60496301415444	4.385651027669	0.26084121291164	0.0151600921862627	0.151600921862627	1.90003372346366	0
2023-06-19	4	"Biotic"	"Aerobic"	"1"	204.1	0.111	7.238	-9.8	NA	NA	0.717108316225804	0.431896300840825	2.05032890527016	6.77373365072052	0.228236061297685	0.162890352214099	1.62890352214099	1.8923227923983	0
2023-06-19	5	"Biotic"	"Aerobic"	"2"	204.1	0.111	7.238	-9.8	NA	NA	0.585439329227526	-0.14622021913369	2.15168803911029	6.46658476029589	0.243451798717531	0.170954231036579	1.70954231036579	-0.600612605468342	0
2023-06-19	6	"Biotic"	"Aerobic"	"3"	204.1	0.111	7.238	-9.8	NA	NA	0.575764726240198	0.417738345249613	2.0956333666078	6.63551665002944	0.228236061297685	0.162890352214099	1.62890352214099	1.83029072125795	0
2023-06-19	7	"Abiotic"	"Nitrate reduction"	"1"	204.1	0.099	7.238	-9.8	NA	NA	0.593698136655734	0.479089486144867	1.5253269855896	3.97322685505132	0.247799152266058	0.0188694764446036	0.188694764446036	1.93337822895567	0
2023-06-19	8	"Abiotic"	"Nitrate reduction"	"2"	204.1	0.099	7.238	-9.8	NA	NA	0.561842736575505	0.509765056592495	1.35562722362999	3.35892907420205	0.243451798717531	0.019514586750402	0.19514586750402	2.09390548469087	0
2023-06-19	9	"Abiotic"	"Nitrate reduction"	"3"	204.1	0.099	7.238	-9.8	NA	NA	0.580720010697122	0.398861071127996	1.50305869103381	3.48178863037191	0.247799152266058	0.0190307540210532	0.190307540210532	1.609614348881	0
2023-06-19	10	"Biotic"	"Nitrate reduction"	"1"	204.1	0.111	7.238	-9.8	NA	NA	0.58968671590489	0.346948567293549	1.69502674754921	3.48178863037191	0.232583414846212	0.164503127978595	1.64503127978595	1.49171671386353	0
2023-06-19	11	"Biotic"	"Nitrate reduction"	"2"	204.1	0.111	7.238	-9.8	NA	NA	0.59015864775793	0.23604458182905	1.85627991502214	3.3819652409839	0.230409738071949	0.166115903743091	1.66115903743091	1.02445575349486	0
2023-06-19	12	"Biotic"	"Nitrate reduction"	"3"	204.1	0.111	7.238	-9.8	NA	NA	0.62342984339728	0.431896300840825	1.90465586526402	3.58161201975991	0.232583414846212	0.167728679507587	1.67728679507587	1.85695227291422	0
2023-06-19	13	"Abiotic"	"Iron reduction"	"1"	204.1	0.099	6.914	-9.8	NA	NA	0.568449782518071	0.292676404193901	NA	5.61903299290998	0.230409738071949	0.0177405334094564	0.177405334094563	1.27024320518306	0
2023-06-19	14	"Abiotic"	"Iron reduction"	"2"	204.1	0.099	6.914	-9.8	NA	NA	0.600069216671779	0.431896300840825	NA	5.3886713250915	0.228236061297685	0.0183856437152548	0.183856437152548	1.8923227923983	0
2023-06-19	15	"Abiotic"	"Iron reduction"	"3"	204.1	0.099	6.914	-9.8	NA	NA	0.604080637422623	0.363466182149964	2.30958048580716	6.82459238782667	0.230409738071949	0.0183856437152548	0.183856437152548	1.57747751979331	0
2023-06-19	16	"Biotic"	"Iron reduction"	"1"	204.1	0.111	6.914	-9.8	NA	NA	0.615407001895593	0.382343456271581	NA	5.47313726995828	0.21954135420063	0.161277576449603	1.61277576449603	1.74155551542318	0
2023-06-19	17	"Biotic"	"Iron reduction"	"2"	204.1	0.111	6.914	-9.8	NA	NA	0.627677230074644	0.346948567293549	NA	5.45777982543705	0.228236061297685	0.162890352214099	1.62890352214099	1.52013036555617	0
2023-06-19	18	"Biotic"	"Iron reduction"	"3"	204.1	0.111	6.914	-9.8	NA	NA	0.62272194561772	0.4035803896584	NA	5.61135427064936	0.221715030974894	0.162890352214099	1.62890352214099	1.82026625747399	0
2023-06-19	19	"Abiotic"	"Sulphate reduction"	"1"	204.1	0.099	7.238	-9.8	NA	NA	0.586383192933607	0.335150270967539	1.36637743479485	3.40500140776575	0.239104445169003	0.0185469212917044	0.185469212917044	1.4016898378056	0
2023-06-19	20	"Abiotic"	"Sulphate reduction"	"2"	204.1	0.099	7.238	-9.8	NA	NA	0.603608705569582	0.50504573806209	1.60288208042182	3.6737566868873	0.226062384523421	0.0209660849384484	0.209660849384484	2.23409895957178	0
2023-06-19	21	"Abiotic"	"Sulphate reduction"	"3"	204.1	0.099	7.238	-9.8	NA	NA	0.593226204802693	0.457852552758048	1.29419744554506	3.58929074202053	0.228236061297685	0.0209660849384484	0.209660849384484	2.00604825615562	0
2023-06-19	22	"Biotic"	"Sulphate reduction"	"1"	204.1	0.111	7.238	-9.8	NA	NA	0.638767628621094	-0.14622021913369	1.59597123038726	3.29749929611713	0.215194000652103	0.140311491511155	1.40311491511155	-0.679480927398528	0
2023-06-19	23	"Biotic"	"Sulphate reduction"	"2"	204.1	0.111	7.238	-9.8	NA	NA	0.614699104116032	-0.14622021913369	1.98067521564412	3.07481635055927	0.21954135420063	0.158052024920611	1.58052024920611	-0.66602585952925	0
2023-06-19	24	"Biotic"	"Sulphate reduction"	"3"	204.1	0.111	7.238	-9.8	NA	NA	0.56750591881199	-0.14622021913369	2.00524712687809	2.84445468274079	0.223888707749158	0.162890352214099	1.62890352214099	-0.653093318567517	0
2023-06-23	1	"Abiotic"	"Aerobic"	"1"	200.2	0.087	7.168	-1.5	NA	NA	0.685637073901643	0.763900037459196	0.992664006216497	1.65685461034941	NA	NA	NA	NA	4
2023-06-23	2	"Abiotic"	"Aerobic"	"2"	199.6	0.095	7.044	-5.2	NA	NA	0.765104083052389	0.833467116177021	0.704624178487231	1.39607781158218	NA	NA	NA	NA	4
2023-06-23	3	"Abiotic"	"Aerobic"	"3"	199.9	0.089	6.911	-1.5	NA	NA	0.581821587199657	0.761224380585434	0.893884915774362	1.70031741014395	NA	NA	NA	NA	4
2023-06-23	4	"Biotic"	"Aerobic"	"1"	199.5	0.179	6.123	51.2	NA	NA	0.177262267886766	3.03553272328357	NA	3.1227363125107	NA	NA	NA	NA	4
2023-06-23	5	"Biotic"	"Aerobic"	"2"	200.4	0.176	6.184	52	NA	NA	0.158265104083052	1.56927275646171	NA	4.6123249963781	NA	NA	NA	NA	4
2023-06-23	6	"Biotic"	"Aerobic"	"3"	200.1	0.274	6.728	15	NA	NA	-0.0284957457055707	-0.27693048643442	NA	2.72366878712448	NA	NA	NA	NA	4
2023-06-23	7	"Abiotic"	"Nitrate reduction"	"1"	199.7	0.0108	6.804	12.2	NA	NA	0.749050141809814	0.785305292449296	0.927469806524688	1.0918382130204	NA	NA	NA	NA	4
2023-06-23	8	"Abiotic"	"Nitrate reduction"	"2"	199.8	0.115	6.904	5.8	NA	NA	0.770722962487291	0.758548723711671	1.00135656617541	1.62129413779025	NA	NA	NA	NA	4
2023-06-23	9	"Abiotic"	"Nitrate reduction"	"3"	199.1	0.099	6.836	11.4	NA	NA	0.780890458607588	0.798683576818109	0.722799531128584	1.56202668352496	NA	NA	NA	NA	4
2023-06-23	10	"Biotic"	"Nitrate reduction"	"1"	198.9	0.391	5.867	66.4	NA	NA	-0.0284957457055707	-0.271579172686895	NA	4.92446692217525	NA	NA	NA	NA	4
2023-06-23	11	"Biotic"	"Nitrate reduction"	"2"	199.3	0.347	5.765	73.6	NA	NA	-0.028763311392947	-0.284957457055707	NA	5.23265768435471	NA	NA	NA	NA	4
2023-06-23	12	"Biotic"	"Nitrate reduction"	"3"	199.9	0.304	6.061	53.7	NA	NA	-0.00254187403007439	-0.247498260823032	NA	7.41370000131705	NA	NA	NA	NA	4
2023-06-23	13	"Abiotic"	"Iron reduction"	"1"	201.1	0.115	6.628	22.4	NA	NA	0.727377321132338	0.726440841226521	NA	0.268679126002608	NA	NA	NA	NA	4
2023-06-23	14	"Abiotic"	"Iron reduction"	"2"	200.1	0.113	6.62	23.7	NA	NA	0.745304222186547	0.796007919944346	NA	0.300288434944092	NA	NA	NA	NA	4
2023-06-23	15	"Abiotic"	"Iron reduction"	"3"	201.7	0.115	6.748	14.7	NA	NA	0.767244608551399	0.822764488681971	NA	0.367458216444743	NA	NA	NA	NA	4
2023-06-23	16	"Biotic"	"Iron reduction"	"1"	201.3	0.35	6.23	45.2	NA	NA	-0.026622785893937	-0.29833574142452	NA	2.50898889723023	NA	NA	NA	NA	4
2023-06-23	17	"Biotic"	"Iron reduction"	"2"	200.6	0.278	6.157	48.6	NA	NA	-0.024482260394927	-0.295660084550757	NA	1.77802362795843	NA	NA	NA	NA	4
2023-06-23	18	"Biotic"	"Iron reduction"	"3"	200.8	0.285	6.121	52.1	NA	NA	-0.0295660084550757	-0.31974099641462	NA	3.29131929353194	NA	NA	NA	NA	4
2023-06-23	19	"Abiotic"	"Sulphate reduction"	"1"	201.2	0.111	7.15	-10.1	NA	NA	0.784368812543479	0.761224380585434	1.20839753974212	0.957498650019097	NA	NA	NA	NA	4
2023-06-23	20	"Abiotic"	"Sulphate reduction"	"2"	200.6	0.111	6.968	2.4	NA	NA	0.767779739926152	0.726440841226521	1.00688819524016	0.969352140872154	NA	NA	NA	NA	4
2023-06-23	21	"Abiotic"	"Sulphate reduction"	"3"	200.8	0.108	6.916	5	NA	NA	0.788114732166747	0.782629635575534	0.969352140872154	0.79945210531168	NA	NA	NA	NA	4
2023-06-23	22	"Biotic"	"Sulphate reduction"	"1"	199.7	0.31	6.156	49.1	NA	NA	-0.0303687055172045	-0.317065339540857	NA	5.20104837541323	NA	NA	NA	NA	4
2023-06-23	23	"Biotic"	"Sulphate reduction"	"2"	200.1	0.348	6.114	51.6	NA	NA	-0.0301011398298282	-0.31974099641462	NA	4.53725288764208	NA	NA	NA	NA	4
2023-06-23	24	"Biotic"	"Sulphate reduction"	"3"	201	0.365	5.975	61	NA	NA	-0.033044362390967	-0.325092310162145	NA	5.16943906647174	NA	NA	NA	NA	4
2023-06-30	1	"Abiotic"	"Aerobic"	"1"	190	0.081	6.705	-6.1	NA	NA	0.725460267209377	0.69685491925302	0.12961716260491	-0.534984964768187	NA	NA	NA	NA	11
2023-06-30	2	"Abiotic"	"Aerobic"	"2"	188.7	0.084	6.934	3.8	NA	NA	0.735353421146852	0.688375073020898	0.668192630492348	0.495040617566537	NA	NA	NA	NA	11
2023-06-30	3	"Abiotic"	"Aerobic"	"3"	189.7	0.082	6.876	7.5	NA	NA	0.743833267378974	0.668588765145948	0.743593195996589	1.08747363224272	NA	NA	NA	NA	11
2023-06-30	4	"Biotic"	"Aerobic"	"1"	189.2	0.206	6.051	58.1	NA	NA	0.0465072455575028	5.30423803870579	NA	3.90153045195458	NA	NA	NA	NA	11
2023-06-30	5	"Biotic"	"Aerobic"	"2"	190.1	0.235	7.186	-7.9	NA	NA	0.6991727438898	1.09258107675203	NA	5.16045060814147	NA	NA	NA	NA	11
2023-06-30	6	"Biotic"	"Aerobic"	"3"	189.9	0.229	7.419	1.6	NA	NA	-0.0456404168315526	-0.46205739913694	NA	6.64826533818051	NA	NA	NA	NA	11
2023-06-30	7	"Abiotic"	"Nitrate reduction"	"1"	189.8	0.083	6.947	2.7	NA	NA	0.724046959504023	0.643149226449583	0.557111440240564	-1.1947399129303	NA	NA	NA	NA	11
2023-06-30	8	"Abiotic"	"Nitrate reduction"	"2"	189.8	0.089	6.901	5.8	NA	NA	0.713588482484406	0.705334765485142	0.600870697006418	0.488308424217944	NA	NA	NA	NA	11
2023-06-30	9	"Abiotic"	"Nitrate reduction"	"3"	189.3	0.085	6.941	3.9	NA	NA	0.713305820943336	0.699681534663727	0.244064449530991	1.16152775907724	NA	NA	NA	NA	11
2023-06-30	10	"Biotic"	"Nitrate reduction"	"1"	189	0.289	5.907	63.6	NA	NA	-0.0459230783726233	-0.450750937494111	NA	2.88496925631704	NA	NA	NA	NA	11
2023-06-30	11	"Biotic"	"Nitrate reduction"	"2"	189.3	0.246	5.843	67.2	NA	NA	-0.0473363860779769	-0.473363860779769	NA	5.21430815493021	NA	NA	NA	NA	11
2023-06-30	12	"Biotic"	"Nitrate reduction"	"3"	189.8	0.162	6.042	55.7	NA	NA	-0.0467710629958355	-0.470537245369062	NA	4.48049907993358	NA	NA	NA	NA	11
2023-06-30	13	"Abiotic"	"Iron reduction"	"1"	191.3	0.085	6.879	4.9	NA	NA	0.740441328886125	0.662935534324533	1.10174588214173	0.158430950136887	NA	NA	NA	NA	11
2023-06-30	14	"Abiotic"	"Iron reduction"	"2"	190.2	0.094	6.822	10	NA	NA	0.75796634443251	0.629016149396047	1.45585925227773	1.30963601274629	NA	NA	NA	NA	11
2023-06-30	15	"Abiotic"	"Iron reduction"	"3"	191.8	0.085	6.74	17	NA	NA	0.735070759605781	0.592270149056853	1.42758404021363	0.589291324446838	NA	NA	NA	NA	11
2023-06-30	16	"Biotic"	"Iron reduction"	"1"	191.3	0.286	6.188	40.9	NA	NA	-0.0473363860779769	-0.481843707011891	NA	5.65190072258875	NA	NA	NA	NA	11
2023-06-30	17	"Biotic"	"Iron reduction"	"2"	190.4	0.236	6.143	49.5	NA	NA	-0.0476190476190476	-0.484670322422598	NA	3.96212019209192	NA	NA	NA	NA	11
2023-06-30	18	"Biotic"	"Iron reduction"	"3"	190.7	0.261	6.23	44.6	NA	NA	-0.0473363860779769	-0.484670322422598	NA	6.76271262510659	NA	NA	NA	NA	11
2023-06-30	19	"Abiotic"	"Sulphate reduction"	"1"	191.3	0.086	6.825	10.9	NA	NA	0.714153805566548	0.66576214973524	0.790045330101881	0.9124366051793	NA	NA	NA	NA	11
2023-06-30	20	"Abiotic"	"Sulphate reduction"	"2"	190.7	0.087	6.925	3.3	NA	NA	0.719807036387962	0.558350764128366	0.958350163816705	0.824918091647592	NA	NA	NA	NA	11
2023-06-30	21	"Abiotic"	"Sulphate reduction"	"3"	191.1	0.086	6.912	3.4	NA	NA	0.715849774812972	0.691201688431605	0.803509716799067	1.30290381939769	NA	NA	NA	NA	11
2023-06-30	22	"Biotic"	"Sulphate reduction"	"1"	189.6	0.25	5.859	68	NA	NA	-0.0481843707011891	-0.447924322083404	NA	9.45558996454378	NA	NA	NA	NA	11
2023-06-30	23	"Biotic"	"Sulphate reduction"	"2"	190.2	0.307	6.134	49.8	NA	NA	-0.0479017091601183	-0.473363860779769	NA	6.45976392441991	NA	NA	NA	NA	11
2023-06-30	24	"Biotic"	"Sulphate reduction"	"3"	191.1	0.259	6.1	55.6	NA	NA	-0.046205739913694	-0.459230783726233	NA	3.74669000493694	NA	NA	NA	NA	11
2023-07-07	1	"Abiotic"	"Aerobic"	"1"	179.2	0.111	6.964	1.5	NA	NA	0.671724406246131	0.796505561745097	NA	2.42385024266235	NA	NA	NA	NA	18
2023-07-07	2	"Abiotic"	"Aerobic"	"2"	178.4	0.111	6.958	1.5	NA	NA	0.667745415318231	0.706315100712682	NA	2.95539634850936	NA	NA	NA	NA	18
2023-07-07	3	"Abiotic"	"Aerobic"	"3"	179.2	0.122	6.895	5.6	NA	NA	0.687905636019594	0.783242258652095	NA	3.13565981049226	NA	NA	NA	NA	18
2023-07-07	4	"Biotic"	"Aerobic"	"1"	178.9	0.322	7.544	-32.4	NA	NA	0.0878738040921711	4.08049940757246	NA	8.71920499191125	NA	NA	NA	NA	18
2023-07-07	5	"Biotic"	"Aerobic"	"2"	179.8	0.225	7.674	-36.1	NA	NA	0.384706527313562	0.260668116787805	NA	11.8160388259764	NA	NA	NA	NA	18
2023-07-07	6	"Biotic"	"Aerobic"	"3"	179.4	0.196	7.906	-52.8	NA	NA	7.07376164960117e-05	-0.23272675827188	NA	11.4462676219089	NA	NA	NA	NA	18
2023-07-07	7	"Abiotic"	"Nitrate reduction"	"1"	180	0.116	6.932	6.5	NA	NA	0.657930571029409	0.762020973703291	NA	2.50704876357754	NA	NA	NA	NA	18
2023-07-07	8	"Abiotic"	"Nitrate reduction"	"2"	179.8	0.116	6.927	5.2	NA	NA	0.696128883937256	0.597556015350063	1.21303443494338	-0.16454818581003	NA	NA	NA	NA	18
2023-07-07	9	"Abiotic"	"Nitrate reduction"	"3"	179.3	0.114	6.91	6.1	NA	NA	0.692415159071215	0.724883725042885	1.46494106771435	0.399352900392882	NA	NA	NA	NA	18
2023-07-07	10	"Biotic"	"Nitrate reduction"	"1"	179.1	0.26	6.074	52.1	NA	NA	-0.0245990061364882	-0.264558685695086	NA	7.7901548416917	NA	NA	NA	NA	18
2023-07-07	11	"Biotic"	"Nitrate reduction"	"2"	179.3	0.22	5.91	64.1	NA	NA	-0.0272516667550887	-0.272516667550887	NA	9.5095909406055	NA	NA	NA	NA	18
2023-07-07	12	"Biotic"	"Nitrate reduction"	"3"	179.8	0.185	6.153	48.9	NA	NA	-0.0275169328169487	-0.272516667550887	NA	12.1164779292813	NA	NA	NA	NA	18
2023-07-07	13	"Abiotic"	"Iron reduction"	"1"	181.4	0.096	6.72	19.9	NA	NA	0.7210638937521	0.629387942773268	NA	1.71358138818273	NA	NA	NA	NA	18
2023-07-07	14	"Abiotic"	"Iron reduction"	"2"	180.2	0.101	6.9	4.8	NA	NA	0.717350168886059	0.626735282154668	NA	2.22663893382636	NA	NA	NA	NA	18
2023-07-07	15	"Abiotic"	"Iron reduction"	"3"	181.7	0.105	6.961	2.7	NA	NA	0.667214883194511	0.565724087926857	NA	2.16192897311455	NA	NA	NA	NA	18
2023-07-07	16	"Biotic"	"Iron reduction"	"1"	181.4	0.267	6.373	36.2	NA	NA	-0.023272675827188	-0.253948043220684	NA	5.79955319312842	NA	NA	NA	NA	18
2023-07-07	17	"Biotic"	"Iron reduction"	"2"	180.5	0.229	6.186	48.2	NA	NA	-0.0216810794560277	-0.251295382602083	NA	6.3495878591788	NA	NA	NA	NA	18
2023-07-07	18	"Biotic"	"Iron reduction"	"3"	180.7	0.26	6.278	43	NA	NA	-0.0243337400746282	-0.248642721983483	NA	9.43717741314228	NA	NA	NA	NA	18
2023-07-07	19	"Abiotic"	"Sulphate reduction"	"1"	181.3	0.087	6.91	6.9	NA	NA	0.705147930040497	0.738147028135887	1.14508897619598	2.86757568754333	NA	NA	NA	NA	18
2023-07-07	20	"Abiotic"	"Sulphate reduction"	"2"	180.8	0.106	7.006	-1	NA	NA	0.683396112967973	0.772631616177693	NA	2.93228564825514	NA	NA	NA	NA	18
2023-07-07	21	"Abiotic"	"Sulphate reduction"	"3"	181.1	0.102	6.922	5.6	NA	NA	0.702760535483757	0.799158222363697	NA	2.72891148601803	NA	NA	NA	NA	18
2023-07-07	22	"Biotic"	"Sulphate reduction"	"1"	179.7	0.226	6.107	49.1	NA	NA	-0.0280474649406688	-0.240684740127681	NA	10.8777443956552	NA	NA	NA	NA	18
2023-07-07	23	"Biotic"	"Sulphate reduction"	"2"	180.2	0.244	6.166	47.9	NA	NA	-0.0272516667550887	-0.272516667550887	NA	9.52345736075803	NA	NA	NA	NA	18
2023-07-07	24	"Biotic"	"Sulphate reduction"	"3"	181	0.249	6.164	49.2	NA	NA	-0.0269864006932286	-0.272516667550887	NA	8.63138433094523	NA	NA	NA	NA	18
2023-07-14	1	"Abiotic"	"Aerobic"	"1"	168.4	0.082	6.95	2.1	NA	NA	0.684598625775096	0.687112451818334	NA	1.19879490984307	0.0739050103249647	0.0193533091739524	0.193533091739524	9.29723774879484	25
2023-07-14	2	"Abiotic"	"Aerobic"	"2"	168.1	0.084	7.022	-4.8	NA	NA	0.665493547846489	0.812803753980225	NA	1.42137686047035	0.133681121617216	0.0198371419033012	0.198371419033012	6.08016856940817	25
2023-07-14	3	"Abiotic"	"Aerobic"	"3"	169	0.086	7.072	-5.1	NA	NA	0.697921903804257	0.604156192391486	NA	1.15832546427447	0.0967286164547332	0.0151600921862627	0.151600921862627	6.24588890583603	25
2023-07-14	4	"Biotic"	"Aerobic"	"1"	168.6	0.263	7.901	-53.4	NA	NA	0.388469917881683	1.72029495558907	NA	6.47668510274743	0.502119334854907	0.0783809021545071	0.783809021545071	3.42606794077382	25
2023-07-14	5	"Biotic"	"Aerobic"	"2"	169.3	0.19	7.537	-31.9	NA	NA	0.147394000335177	3.31908831908832	NA	4.17667161293224	0.95424410390175	NA	NA	3.47823822596032	25
2023-07-14	6	"Biotic"	"Aerobic"	"3"	168.9	0.143	7.698	-40.3	NA	NA	0.473688620747444	1.40858052622759	NA	6.37213903502856	0.417345940658624	NA	NA	3.37509099526563	25
2023-07-14	7	"Abiotic"	"Nitrate reduction"	"1"	170.1	0.081	7.084	-4.4	NA	NA	0.679570973688621	0.830400536282889	NA	1.52592292818922	0.139115313552875	0.0193533091739524	0.193533091739524	5.96915260495224	25
2023-07-14	8	"Abiotic"	"Nitrate reduction"	"2"	169.8	0.085	7.124	-7.8	NA	NA	0.685101390983744	0.800234623764036	NA	1.4112594990782	0.130203238778394	0.0188694764446036	0.188694764446036	6.14604238168021	25
2023-07-14	9	"Abiotic"	"Nitrate reduction"	"3"	169.5	0.082	7.172	-11.1	NA	NA	0.69214010390481	0.810289927936987	NA	1.7282701560322	0.145418976198239	0.0199984194797508	0.199984194797508	5.57210584973708	25
2023-07-14	10	"Biotic"	"Nitrate reduction"	"1"	169	0.219	5.984	59.4	NA	NA	-0.0270655270655271	-0.28322440087146	NA	4.61509060659202	NA	NA	NA	NA	25
2023-07-14	11	"Biotic"	"Nitrate reduction"	"2"	169.2	0.204	6.01	56.9	NA	NA	-0.0288252052957935	-0.288252052957935	NA	6.45307792616575	NA	NA	NA	NA	25
2023-07-14	12	"Biotic"	"Nitrate reduction"	"3"	169.8	0.144	6.168	48.3	NA	NA	-0.0288252052957935	-0.28322440087146	NA	8.22361616979181	NA	NA	NA	NA	25
2023-07-14	13	"Abiotic"	"Iron reduction"	"1"	171.6	0.086	6.907	5.7	NA	NA	0.717110775934305	0.77593430534607	NA	1.66306938261612	0.119769590261928	0.0185469212917044	0.185469212917044	6.47855856940943	25
2023-07-14	14	"Abiotic"	"Iron reduction"	"2"	170.2	0.088	7.024	-1.4	NA	NA	0.691721132897603	0.728171610524552	NA	2.09811592247853	0.114552766003695	0.0182243661388052	0.182243661388052	6.35664799661897	25
2023-07-14	15	"Abiotic"	"Iron reduction"	"3"	171.7	0.086	7.124	-7.7	NA	NA	0.641695994637171	0.640187699011229	NA	2.2026619901974	0.11368329529399	0.017901810985906	0.17901810985906	5.63132602160833	25
2023-07-14	16	"Biotic"	"Iron reduction"	"1"	171.3	0.274	6.419	33.9	NA	NA	-0.0232109937992291	-0.24467906820848	NA	6.65430100274293	NA	NA	NA	NA	25
2023-07-14	17	"Biotic"	"Iron reduction"	"2"	170.5	0.194	6.275	41.8	NA	NA	-0.0211999329646388	-0.252220546338193	NA	4.15194028508476	NA	NA	NA	NA	25
2023-07-14	18	"Biotic"	"Iron reduction"	"3"	170.6	0.227	6.438	30.8	NA	NA	-0.0227082285905815	-0.242165242165242	NA	6.48567831287378	NA	NA	NA	NA	25
2023-07-14	19	"Abiotic"	"Sulphate reduction"	"1"	171.3	0.084	7.034	-1.9	NA	NA	0.678816825875649	0.677057147645383	NA	1.488825936418	0.111726986197152	0.0169341455272083	0.169341455272083	6.05992491778713	25
2023-07-14	20	"Abiotic"	"Sulphate reduction"	"2"	170.9	0.083	7.113	-7	NA	NA	0.689374895257248	0.765041059158706	NA	1.55627501236566	0.124116943810455	0.0166115903743091	0.166115903743091	6.16387284178569	25
2023-07-14	21	"Abiotic"	"Sulphate reduction"	"3"	171.1	0.088	7.074	-5.1	NA	NA	0.697167755991285	0.760013407072231	NA	2.13633706551554	0.123899576133029	0.018708198868154	0.18708198868154	6.13410820918561	25
2023-07-14	22	"Biotic"	"Sulphate reduction"	"1"	169.5	0.184	6.113	50.9	NA	NA	-0.0295793531087649	-0.258086140439082	NA	7.65704393183147	NA	NA	NA	NA	25
2023-07-14	23	"Biotic"	"Sulphate reduction"	"2"	170.2	0.224	6.159	48.7	NA	NA	-0.0288252052957935	-0.290765879001173	NA	5.93034758757138	NA	NA	NA	NA	25
2023-07-14	24	"Biotic"	"Sulphate reduction"	"3"	171	0.244	6.207	45.9	NA	NA	-0.0290765879001173	-0.290765879001173	NA	6.01128647870858	NA	NA	NA	NA	25
2023-07-21	1	"Abiotic"	"Aerobic"	"1"	158	0.085	6.91	5.1	NA	NA	0.608380385830477	0.480355582442697	NA	0.979401963125988	NA	NA	NA	NA	32
2023-07-21	2	"Abiotic"	"Aerobic"	"2"	157.6	0.086	6.84	8.9	NA	NA	0.65173590105532	0.67192646366875	NA	0.825855028946441	NA	NA	NA	NA	32
2023-07-21	3	"Abiotic"	"Aerobic"	"3"	158.3	0.086	6.825	10.3	NA	NA	0.583929891779257	0.475314243463064	1.00625561583694	0.88727380261826	NA	NA	NA	NA	32
2023-07-21	4	"Biotic"	"Aerobic"	"1"	158.2	0.235	7.549	-32.5	NA	NA	0.155920212408416	-0.101919069704914	NA	4.76348085212862	NA	NA	NA	NA	32
2023-07-21	5	"Biotic"	"Aerobic"	"2"	158.9	0.18	7.119	-7.6	NA	NA	0.0903828056731868	4.01433420716542	-0.186633455033496	0.0239988171199147	NA	NA	NA	NA	32
2023-07-21	6	"Biotic"	"Aerobic"	"3"	158.6	0.16	7.458	-27.5	NA	NA	0.0573620353565907	4.96462660482624	NA	1.57311677528691	NA	NA	NA	NA	32
2023-07-21	7	"Abiotic"	"Nitrate reduction"	"1"	160.2	0.082	7.109	-6.9	NA	NA	0.663078913759495	0.591265039994623	NA	0.580179934259164	NA	NA	NA	NA	32
2023-07-21	8	"Abiotic"	"Nitrate reduction"	"2"	159.9	0.116	6.974	2.1	NA	NA	0.614429992606036	0.755108556832695	NA	0.955516884475837	NA	NA	NA	NA	32
2023-07-21	9	"Abiotic"	"Nitrate reduction"	"3"	159.4	0.083	6.983	2.1	NA	NA	0.583425757881293	0.500520938361229	NA	0.921395343547048	NA	NA	NA	NA	32
2023-07-21	10	"Biotic"	"Nitrate reduction"	"1"	159.1	0.228	6.007	57	NA	NA	-0.0361548027156013	-0.361548027156013	NA	5.27530396606044	NA	NA	NA	NA	32
2023-07-21	11	"Biotic"	"Nitrate reduction"	"2"	159.1	0.185	5.831	68.1	NA	NA	-0.0364068696645829	-0.361548027156013	NA	6.43202420354637	NA	NA	NA	NA	32
2023-07-21	12	"Biotic"	"Nitrate reduction"	"3"	159.9	0.208	6.088	53.7	NA	NA	-0.0361548027156013	-0.35650668817638	NA	6.89607716017789	NA	NA	NA	NA	32
2023-07-21	13	"Abiotic"	"Iron reduction"	"1"	161.4	0.089	6.997	0.3	NA	NA	0.545111581636083	0.407256167238018	NA	0.757611947088864	NA	NA	NA	NA	32
2023-07-21	14	"Abiotic"	"Iron reduction"	"2"	160.2	0.094	7.003	0.3	NA	NA	0.668372319688109	0.63663709081132	NA	1.5731167752869	NA	NA	NA	NA	32
2023-07-21	15	"Abiotic"	"Iron reduction"	"3"	161.7	0.089	7.027	-2.4	NA	NA	0.548892585870807	0.442545540095449	NA	1.55946815891539	NA	NA	NA	NA	32
2023-07-21	16	"Biotic"	"Iron reduction"	"1"	161.4	0.285	6.409	33.6	NA	NA	-0.0338862001747664	-0.331299993278215	NA	6.63334129502622	NA	NA	NA	NA	32
2023-07-21	17	"Biotic"	"Iron reduction"	"2"	160.7	0.211	6.248	44.8	NA	NA	-0.0321217315318949	-0.338862001747664	NA	4.42567759693361	NA	NA	NA	NA	32
2023-07-21	18	"Biotic"	"Iron reduction"	"3"	160.5	0.225	6.347	38.4	NA	NA	-0.0333820662768031	-0.338862001747664	NA	6.1692883383947	NA	NA	NA	NA	32
2023-07-21	19	"Abiotic"	"Sulphate reduction"	"1"	161.4	0.084	6.979	3.2	NA	NA	0.668624386637091	0.6794884721382	NA	1.27284721511357	NA	NA	NA	NA	32
2023-07-21	20	"Abiotic"	"Sulphate reduction"	"2"	160.9	0.086	7.01	-0.3	NA	NA	0.64871109766754	0.712257175505814	NA	1.0578815072622	NA	NA	NA	NA	32
2023-07-21	21	"Abiotic"	"Sulphate reduction"	"3"	161.1	0.084	7.084	-4.3	NA	NA	0.653500369698192	0.712257175505814	NA	1.542407388451	NA	NA	NA	NA	32
2023-07-21	22	"Biotic"	"Sulphate reduction"	"1"	159.5	0.176	6.142	49.5	NA	NA	-0.0374151374605095	-0.338862001747664	NA	7.14857656305092	NA	NA	NA	NA	32
2023-07-21	23	"Biotic"	"Sulphate reduction"	"2"	160.3	0.233	6.184	47.7	NA	NA	-0.0366589366135646	-0.359027357666196	NA	6.19999772523061	NA	NA	NA	NA	32
2023-07-21	24	"Biotic"	"Sulphate reduction"	"3"	161.2	0.222	6.147	50.7	NA	NA	-0.0364068696645829	-0.361548027156013	NA	5.80077569636378	NA	NA	NA	NA	32
2023-07-28	1	"Abiotic"	"Aerobic"	"1"	147.8	0.087	7.132	-8.1	NA	NA	0.71767826805847	0.859157104830431	NA	0.903351030427585	NA	NA	NA	NA	39
2023-07-28	2	"Abiotic"	"Aerobic"	"2"	147.2	0.093	7.019	-0.6	NA	NA	0.715497896850272	0.886411744932908	NA	1.13284238168636	NA	NA	NA	NA	39
2023-07-28	3	"Abiotic"	"Aerobic"	"3"	147.9	0.096	7.003	0.3	NA	NA	0.727489938495362	0.859157104830431	NA	1.13969286978364	NA	NA	NA	NA	39
2023-07-28	4	"Biotic"	"Aerobic"	"1"	147.6	0.315	5.761	72.3	NA	NA	-0.0236479427289163	-0.250106747340401	NA	1.14654335788092	NA	NA	NA	NA	39
2023-07-28	5	"Biotic"	"Aerobic"	"2"	148.4	0.239	7.443	-25.5	NA	NA	-0.0192872003125199	-0.206499323176438	-0.31829651195981	-0.141348404407147	NA	NA	NA	NA	39
2023-07-28	6	"Biotic"	"Aerobic"	"3"	148.2	0.197	7.613	-35.8	NA	NA	0.0572983383754418	5.39160375387243	-0.320351658388993	0.0949934349489072	NA	NA	NA	NA	39
2023-07-28	7	"Abiotic"	"Nitrate reduction"	"1"	150.2	0.089	7.118	-6.8	NA	NA	0.675161029498606	0.981802985291579	NA	1.01980932808129	NA	NA	NA	NA	39
2023-07-28	8	"Abiotic"	"Nitrate reduction"	"2"	149.4	0.121	8.336	-77.4	NA	NA	-0.0236479427289163	-0.209224787186685	NA	1.50619398298795	NA	NA	NA	NA	39
2023-07-28	9	"Abiotic"	"Nitrate reduction"	"3"	149.4	0.101	7.172	-10	NA	NA	0.734031052119957	0.755589472441016	NA	0.752640292287492	NA	NA	NA	NA	39
2023-07-28	10	"Biotic"	"Nitrate reduction"	"1"	149	0.247	6.069	54.4	NA	NA	-0.0250106747340401	-0.247381283330154	NA	4.85950790660501	NA	NA	NA	NA	39
2023-07-28	11	"Biotic"	"Nitrate reduction"	"2"	149.3	0.264	6.01	57.7	NA	NA	-0.0261008603381392	-0.255557675360897	NA	6.44882114517326	NA	NA	NA	NA	39
2023-07-28	12	"Biotic"	"Nitrate reduction"	"3"	149.9	0.205	6.198	46.8	NA	NA	-0.0266459531401888	-0.252832211350649	NA	8.28132671119484	NA	NA	NA	NA	39
2023-07-28	13	"Abiotic"	"Iron reduction"	"1"	151.3	0.102	7.125	-6.9	NA	NA	0.723583440080674	0.852797688806519	NA	1.6078095564309	NA	NA	NA	NA	39
2023-07-28	14	"Abiotic"	"Iron reduction"	"2"	150	0.106	7.205	-11.9	NA	NA	0.658989943037802	0.700171704232646	NA	1.1454016098647	NA	NA	NA	NA	39
2023-07-28	15	"Abiotic"	"Iron reduction"	"3"	151.6	0.107	7.292	-16.3	NA	NA	0.530348041754109	0.626584175955957	NA	1.43997259804761	NA	NA	NA	NA	39
2023-07-28	16	"Biotic"	"Iron reduction"	"1"	151.3	0.317	6.527	27.4	NA	NA	-0.019923141914911	-0.210133275190101	NA	6.05377633156362	NA	NA	NA	NA	39
2023-07-28	17	"Biotic"	"Iron reduction"	"2"	150.5	0.284	6.532	27.2	NA	NA	-0.0196505955138862	-0.215584203210597	NA	3.69378318205172	NA	NA	NA	NA	39
2023-07-28	18	"Biotic"	"Iron reduction"	"3"	150.4	0.279	6.452	31.5	NA	NA	-0.0207407811179853	-0.210133275190101	NA	6.07090255180681	NA	NA	NA	NA	39
2023-07-28	19	"Abiotic"	"Sulphate reduction"	"1"	151.2	0.092	7.083	-4.8	NA	NA	0.721766464073842	0.65474730406185	NA	0.564251869612377	NA	NA	NA	NA	39
2023-07-28	20	"Abiotic"	"Sulphate reduction"	"2"	150.7	0.101	7.052	-3.6	NA	NA	0.721493917672817	0.711982048277052	NA	0.656733458925615	NA	NA	NA	NA	39
2023-07-28	21	"Abiotic"	"Sulphate reduction"	"3"	151.1	0.099	7.032	-1	NA	NA	0.716588082454371	0.575708847764665	0.8990352229263	0.677284923217446	NA	NA	NA	NA	39
2023-07-28	22	"Biotic"	"Sulphate reduction"	"1"	149.3	0.207	6.249	43.3	NA	NA	-0.0269184995412136	-0.228303035258419	NA	6.71599018096706	NA	NA	NA	NA	39
2023-07-28	23	"Biotic"	"Sulphate reduction"	"2"	150.1	0.328	6.232	45.3	NA	NA	-0.026373406739164	-0.252832211350649	NA	4.51698350174117	NA	NA	NA	NA	39
2023-07-28	24	"Biotic"	"Sulphate reduction"	"3"	151.3	0.27	6.315	39.9	NA	NA	-0.026373406739164	-0.247381283330154	NA	5.43152366272764	NA	NA	NA	NA	39
2023-08-03	1	"Abiotic"	"Aerobic"	"1"	137.4	0.081	7.061	-4	NA	NA	0.759508195099756	0.6008091239107	NA	1.74125006741088	NA	NA	NA	NA	45
2023-08-03	2	"Abiotic"	"Aerobic"	"2"	136.6	0.085	6.978	1.4	NA	NA	0.7425937465998	0.588939335489678	NA	0.97114814215607	NA	NA	NA	NA	45
2023-08-03	3	"Abiotic"	"Aerobic"	"3"	137.5	0.085	6.979	1.4	NA	NA	0.74793515138926	0.621581253647487	1.06621366553416	1.65388556328534	NA	NA	NA	NA	45
2023-08-03	4	"Biotic"	"Aerobic"	"1"	137.3	0.155	5.774	69.9	NA	NA	-0.0378448420823565	-0.37548097371831	NA	2.64725233241655	NA	NA	NA	NA	45
2023-08-03	5	"Biotic"	"Aerobic"	"2"	137.9	0.208	7.48	-27.5	NA	NA	-0.033096926713948	-0.348773949771012	-0.142005069298387	1.56975678153481	NA	NA	NA	NA	45
2023-08-03	6	"Biotic"	"Aerobic"	"3"	137.9	0.178	7.348	-18.6	NA	NA	0.102515405996221	3.82345668021801	-0.144593647198404	1.42091355228388	NA	NA	NA	NA	45
2023-08-03	7	"Abiotic"	"Nitrate reduction"	"1"	140.2	0.091	7.136	-8	NA	NA	0.709061594310415	0.764018714699744	0.894073235183088	1.40473494040878	NA	NA	NA	NA	45
2023-08-03	8	"Abiotic"	"Nitrate reduction"	"2"	140	0.148	8.203	-68.3	NA	NA	-0.0393285656349842	-0.354708843981523	NA	2.75079544841719	NA	NA	NA	NA	45
2023-08-03	9	"Abiotic"	"Nitrate reduction"	"3"	139.3	0.094	7.124	-7.3	NA	NA	0.698972274152547	0.743246584962956	0.95522838807097	2.29132287116432	NA	NA	NA	NA	45
2023-08-03	10	"Biotic"	"Nitrate reduction"	"1"	139	0.217	6.048	55.9	NA	NA	-0.0399220550560353	-0.393285656349842	NA	4.65016448255406	NA	NA	NA	NA	45
2023-08-03	11	"Biotic"	"Nitrate reduction"	"2"	139.1	0.197	6.056	54.6	NA	NA	-0.0402187997665608	-0.399220550560353	NA	6.69514102356684	NA	NA	NA	NA	45
2023-08-03	12	"Biotic"	"Nitrate reduction"	"3"	139.9	0.149	6.228	45	NA	NA	-0.0408122891876119	-0.393285656349842	NA	8.24181631882651	NA	NA	NA	NA	45
2023-08-03	13	"Abiotic"	"Iron reduction"	"1"	141.1	0.087	7.207	-12.6	NA	NA	0.68878403909117	0.593885080665104	NA	2.07237232378795	NA	NA	NA	NA	45
2023-08-03	14	"Abiotic"	"Iron reduction"	"2"	140	0.099	7.296	-17.4	NA	NA	0.626467649880807	0.495959326191677	NA	2.37005878228981	NA	NA	NA	NA	45
2023-08-03	15	"Abiotic"	"Iron reduction"	"3"	141.6	0.099	7.378	-22	NA	NA	0.52794840598633	0.406935913034017	NA	2.39594456128997	NA	NA	NA	NA	45
2023-08-03	16	"Biotic"	"Iron reduction"	"1"	141.3	0.288	6.559	25.3	NA	NA	-0.0343828204595586	-0.343828204595586	NA	6.91948444156825	NA	NA	NA	NA	45
2023-08-03	17	"Biotic"	"Iron reduction"	"2"	140.7	0.259	6.819	10.4	NA	NA	-0.0340860757490331	-0.358665440121863	NA	3.89408402092434	NA	NA	NA	NA	45
2023-08-03	18	"Biotic"	"Iron reduction"	"3"	140.3	0.25	6.508	28	NA	NA	-0.0358665440121863	-0.352730545911352	NA	7.38866418594618	NA	NA	NA	NA	45
2023-08-03	19	"Abiotic"	"Sulphate reduction"	"1"	141.1	0.084	7.13	-7.6	NA	NA	0.699862508284123	0.758083820489233	1.10633662298441	1.95804346653724	NA	NA	NA	NA	45
2023-08-03	20	"Abiotic"	"Sulphate reduction"	"2"	140.6	0.097	7.158	-8.8	NA	NA	0.712622530836721	0.758083820489233	1.05294720379658	1.21059159790757	NA	NA	NA	NA	45
2023-08-03	21	"Abiotic"	"Sulphate reduction"	"3"	140.9	0.088	7.122	-7.2	NA	NA	0.71202904141567	0.737311690752446	1.06362508763415	1.13940570565712	NA	NA	NA	NA	45
2023-08-03	22	"Biotic"	"Sulphate reduction"	"1"	139.3	0.161	6.211	45.3	NA	NA	-0.041405778608663	-0.369546079507799	NA	5.98651782343742	NA	NA	NA	NA	45
2023-08-03	23	"Biotic"	"Sulphate reduction"	"2"	139.9	0.205	6.304	40.4	NA	NA	-0.0402187997665608	-0.402187997665608	NA	6.33921156231462	NA	NA	NA	NA	45
2023-08-03	24	"Biotic"	"Sulphate reduction"	"3"	141.1	0.188	6.327	38.6	NA	NA	-0.0411090338981374	-0.399220550560353	NA	6.34244728468964	NA	NA	NA	NA	45
2023-08-10	1	"Abiotic"	"Aerobic"	"1"	127	0.095	7.047	-2.9	NA	NA	0.80384677977135	0.837198421416656	1.30571745767416	1.35338606716625	0.267362243234431	0.0193533091739524	0.193533091739524	3.13132629083523	52
2023-08-10	2	"Abiotic"	"Aerobic"	"2"	126.2	0.09	6.995	0.5	NA	NA	0.813000935758168	0.834147036087717	1.25836108798224	1.52511795725784	0.256493859363113	0.0191920315975028	0.191920315975028	3.25211308434029	52
2023-08-10	3	"Abiotic"	"Aerobic"	"3"	126.9	0.091	7.005	-0.4	NA	NA	0.81788315228447	0.812787338785142	1.27345267832362	1.33257008048848	0.256493859363113	0.0191920315975028	0.191920315975028	3.16883741701783	52
2023-08-10	4	"Biotic"	"Aerobic"	"1"	126.9	0.183	5.666	76.9	NA	NA	-0.0258248911672566	-0.233837829041051	NA	1.49909797391063	NA	0.253205795025877	2.53205795025877	NA	52
2023-08-10	5	"Biotic"	"Aerobic"	"2"	127.6	0.202	7.47	-27.3	NA	NA	-0.0163655966475447	-0.212478131738476	-0.324174299195115	0.713294476824868	NA	0.182243661388052	1.82243661388052	NA	52
2023-08-10	6	"Biotic"	"Aerobic"	"3"	127.4	0.155	7.57	-32.6	NA	NA	0.569195247975914	2.47274095772814	-0.326776297529836	0.281362753261171	0.74122378002391	0.123377345983946	1.23377345983946	3.33602486100537	52
2023-08-10	7	"Abiotic"	"Nitrate reduction"	"1"	130.1	0.104	7.211	-12.8	NA	NA	0.823985922942349	0.82194149477196	1.25523868998057	1.46787399389398	0.258667536137376	0.017901810985906	0.17901810985906	3.17759819050286	52
2023-08-10	8	"Abiotic"	"Nitrate reduction"	"2"	130	0.126	8.355	-79	NA	NA	-0.0252146141014687	-0.227735058383173	NA	2.39938939772412	NA	NA	NA	NA	52
2023-08-10	9	"Abiotic"	"Nitrate reduction"	"3"	129.2	0.101	7.161	-9.3	NA	NA	0.807508442166077	0.828044265429838	0.923744102137108	1.78011379406051	0.280404303880013	0.019514586750402	0.19514586750402	2.95303693264339	52
2023-08-10	10	"Biotic"	"Nitrate reduction"	"1"	128.9	0.222	6.089	52.69	NA	NA	-0.0273505838317263	-0.255197526343627	NA	5.26158756591729	NA	NA	NA	NA	52
2023-08-10	11	"Biotic"	"Nitrate reduction"	"2"	129	0.218	6.056	54.6	NA	NA	-0.0279608608975141	-0.249094755685748	NA	6.39085484318623	NA	NA	NA	NA	52
2023-08-10	12	"Biotic"	"Nitrate reduction"	"3"	129.9	0.168	6.288	41.4	NA	NA	-0.0282659994304081	-0.258248911672566	NA	8.27990563419373	NA	NA	NA	NA	52
2023-08-10	13	"Abiotic"	"Iron reduction"	"1"	131	0.097	7.28	-16.4	NA	NA	0.615372879287196	0.6337727328207	NA	1.49042464612823	0.205847190522769	0.0161277576449603	0.161277576449603	3.07885053573562	52
2023-08-10	14	"Abiotic"	"Iron reduction"	"2"	129.8	0.099	7.39	-20.9	NA	NA	0.544885878188698	0.551385328939338	NA	1.44358867610325	0.177372024779915	0.0185469212917044	0.185469212917044	3.10863750708998	52
2023-08-10	15	"Abiotic"	"Iron reduction"	"3"	131.5	0.1	7.472	-27.6	NA	NA	0.477450262419138	0.45374099841328	NA	1.89113238967527	0.150853168133898	0.018708198868154	0.18708198868154	3.00783207953933	52
2023-08-10	16	"Biotic"	"Iron reduction"	"1"	131.4	0.286	6.477	31.7	NA	NA	-0.0205358232637618	-0.217563773953375	NA	6.21565362198168	NA	NA	NA	NA	52
2023-08-10	17	"Biotic"	"Iron reduction"	"2"	130.6	0.216	6.7778	12.9	NA	NA	-0.0202306847308678	-0.223666544611254	NA	4.93026644462948	NA	NA	NA	NA	52
2023-08-10	18	"Biotic"	"Iron reduction"	"3"	130.4	0.222	6.441	32.9	NA	NA	-0.0211461003295496	-0.217563773953375	NA	6.92339716902581	NA	NA	NA	NA	52
2023-08-10	19	"Abiotic"	"Sulphate reduction"	"1"	131	0.086	7.156	-9.1	NA	NA	0.759906831034623	0.815838724114081	1.32445184568415	1.55113794060505	0.265188566460167	0.018708198868154	0.18708198868154	3.07644758220232	52
2023-08-10	20	"Abiotic"	"Sulphate reduction"	"2"	130.5	0.089	7.252	-16.3	NA	NA	0.797133732047683	0.831095650758778	1.36348182070497	2.30051346100472	0.263014889685904	0.0151600921862627	0.151600921862627	3.15988061265765	52
2023-08-10	21	"Abiotic"	"Sulphate reduction"	"3"	130.7	0.091	7.161	-9.4	NA	NA	0.797744009113471	0.834147036087717	1.33017624202054	2.68560921454344	0.271709596782958	0.018708198868154	0.18708198868154	3.06999475161723	52
2023-08-10	22	"Biotic"	"Sulphate reduction"	"1"	129.3	0.155	6.828	41.4	NA	NA	-0.028571137963302	-0.233837829041051	NA	9.51845684152095	NA	NA	NA	NA	52
2023-08-10	23	"Biotic"	"Sulphate reduction"	"2"	129.8	0.177	6.33	38.7	NA	NA	-0.0270454452988323	-0.267403067659384	NA	5.79239522620039	NA	NA	NA	NA	52
2023-08-10	24	"Biotic"	"Sulphate reduction"	"3"	131.1	0.224	6.336	31	NA	NA	-0.0288762764961959	-0.261300297001505	NA	6.14626699972245	NA	NA	NA	NA	52
